{
    "GA": [
        {
            "elections": {
                "dates": "01-05-2021",
                "01-04-2021": {
                    "date": "01-05-2021",
                    "status": "R",
                    "issues": "Ballot Received after Deadline,Ineligible Elector,Invalid Signature,MIDR - ID not Provided,Missing Signature"
                }
            },
            "counties": "Appling,Atkinson,Bacon,Baker,Baldwin,Banks,Barrow,Bartow,Ben Hill,Berrien,Bibb,Bleckley,Brantley,Brooks,Bryan,Bulloch,Burke,Butts,Calhoun,Camden,Candler,Carroll,Catoosa,Charlton,Chatham,Chattahoochee,Chattooga,Cherokee,Clarke,Clay,Clayton,Clinch,Cobb,Coffee,Colquitt,Columbia,Cook,Coweta,Crawford,Crisp,Dade,Dawson,Decatur,DeKalb,Dodge,Dooly,Dougherty,Douglas,Early,Echols,Effingham,Elbert,Emanuel,Evans,Fannin,Fayette,Floyd,Forsyth,Franklin,Fulton,Gilmer,Glascock,Glynn,Gordon,Grady,Greene,Gwinnett,Habersham,Hall,Hancock,Haralson,Harris,Hart,Heard,Henry,Houston,Irwin,Jackson,Jasper,Jeff Davis,Jefferson,Jenkins,Johnson,Jones,Lamar,Lanier,Laurens,Lee,Liberty,Lincoln,Long,Lowndes,Lumpkin,Macon,Madison,Marion,McDuffie,McIntosh,Meriwether,Miller,Mitchell,Monroe,Montgomery,Morgan,Murray,Muscogee,Newton,Oconee,Oglethorpe,Paulding,Peach,Pickens,Pierce,Pike,Polk,Pulaski,Putnam,Quitman,Rabun,Randolph,Richmond,Rockdale,Schley,Screven,Seminole,Spalding,Stephens,Stewart,Sumter,Talbot,Taliaferro,Tattnall,Taylor,Telfair,Terrell,Thomas,Tift,Toombs,Towns,Treutlen,Troup,Turner,Twiggs,Union,Upson,Walker,Walton,Ware,Warren,Washington,Wayne,Webster,Wheeler,White,Whitfield,Wilcox,Wilkes,Wilkinson,Worth",
            "cities": "Abbeville,Acworth,Adairsville,Adel,Adrian,Ailey,Alamo,Alapaha,Albany,Aldora,Allenhurst,Allentown,Alma,Alpharetta,Alston,Alto,Ambrose,Americus,Andersonville,Appling,Arabi,Aragon,Arcade,Argyle,Arlington,Arnoldsville,Ashburn,Athens,Atlanta,Attapulgus,Auburn,Augusta,Austell,Avalon,Avera,Avondale Estates,Baconton,Bainbridge,Baldwin,Ball Ground,Barnesville,Bartow,Barwick,Baxley,Bellville,Belvedere Park,Berkeley Lake,Berlin,Bethlehem,Between,Bishop,Blackshear,Blairsville,Blakely,Bloomingdale,Blue Ridge,Bluffton,Blythe,Bogart,Bonanza,Boston,Bostwick,Bowdon,Bowersville,Bowman,Boykin,Braselton,Braswell,Bremen,Brinson,Bronwood,Brookhaven,Brooklet,Brooks,Broxton,Brunswick,Buchanan,Buckhead,Buena Vista,Buford,Butler,Byromville,Byron,Cadwell,Cairo,Calhoun,Calvary,Camak,Camilla,Candler-McAfee,Canon,Canoochee,Canton,Carl,Carlton,Carnesville,Carrollton,Cartersville,Cave Spring,Cecil,Cedar Springs,Cedartown,Centerville,Centralhatchee,Chamblee,Chatsworth,Chattahoochee Hills,Chattanooga Valley,Chauncey,Cherry Log,Chester,Chickamauga,Clarkesville,Clarkston,Claxton,Clayton,Clermont,Cleveland,Climax,Cobbtown,Cochran,Cohutta,Colbert,Coleman,College Park,Collins,Colquitt,Columbus,Comer,Commerce,Concord,Conley,Conyers,Coolidge,Cordele,Cornelia,Country Club Estates,Covington,Crawford,Crawfordville,Crooked Creek,Culloden,Cumming,Cusseta-Chattahoochee County,Cuthbert,Dacula,Dahlonega,Daisy,Dallas,Dalton,Damascus,Danielsville,Danville,Darien,Dasher,Davisboro,Dawson,Dawsonville,De Soto,Dearing,Decatur,Deenwood,Deepstep,Demorest,Denton,Dewy Rose,Dexter,Dillard,Dock Junction,Doerun,Donalsonville,Dooling,Doraville,Douglas,Douglasville,Druid Hills,Du Pont,Dublin,Dudley,Duluth,Dunwoody,Dutch Island,Eagle Grove,East Dublin,East Ellijay,East Griffin,East Newnan,East Point,Eastman,Eatonton,Echols County,Edge Hill,Edison,Elberton,Ellaville,Ellenton,Ellijay,Emerson,Empire,Enigma,Ephesus,Epworth,Eton,Euharlee,Evans,Experiment,Fair Oaks,Fairburn,Fairmount,Fairview,Fargo,Fayetteville,Fitzgerald,Flemington,Flovilla,Flowery Branch,Folkston,Forest Park,Forsyth,Fort Gaines,Fort Oglethorpe,Fort Stewart,Fort Valley,Franklin,Franklin Springs,Funston,Gainesville,Garden City,Garfield,Gay,Geneva,Georgetown,Georgetown-Quitman County,Gibson,Gillsville,Girard,Glennville,Glenwood,Good Hope,Gordon,Graham,Grantville,Gray,Grayson,Greensboro,Greenville,Gresham Park,Griffin,Grovetown,Gumbranch,Gumlog,Guyton,Hagan,Hahira,Hamilton,Hampton,Hannahs Mill,Hapeville,Haralson,Hardwick,Harlem,Harrison,Hartwell,Hawkinsville,Hazlehurst,Helen,Henderson,Hephzibah,Heron Bay,Hiawassee,Higgston,Hilltop,Hiltonia,Hinesville,Hiram,Hoboken,Hogansville,Holly Springs,Homeland,Homer,Homerville,Hoschton,Howard,Hull,Ideal,Ila,Indian Springs,Iron City,Irondale,Irwinton,Isle of Hope,Ivey,Jackson,Jacksonville,Jakin,Jasper,Jefferson,Jeffersonville,Jenkinsburg,Jersey,Jesup,Johns Creek,Jonesboro,Junction City,Kennesaw,Keysville,Kings Bay Base,Kingsland,Kingston,Kite,Knoxville,LaFayette,LaGrange,Lake City,Lake Park,Lakeland,Lakeview,Lakeview Estates,Lavonia,Lawrenceville,Leary,Leesburg,Lenox,Leslie,Lexington,Lilburn,Lilly,Lincoln Park,Lincolnton,Lindale,Lithia Springs,Lithonia,Locust Grove,Loganville,Lone Oak,Lookout Mountain,Louisville,Lovejoy,Ludowici,Lula,Lumber City,Lumpkin,Luthersville,Lyerly,Lyons,Mableton,Macon-Bibb County,Madison,Manassas,Manchester,Mansfield,Marietta,Marshallville,Martin,Martinez,Matthews,Maxeys,Maysville,McCaysville,McDonough,McIntyre,McRae-Helena,Meansville,Meigs,Mendes,Menlo,Metter,Midville,Midway,Milan,Milledgeville,Millen,Milner,Milton,Mineral Bluff,Mitchell,Molena,Monroe,Montezuma,Montgomery,Monticello,Montrose,Moody AFB,Moreland,Morgan,Morganton,Morrow,Morven,Moultrie,Mount Airy,Mount Vernon,Mount Zion,Mountain City,Mountain Park,Mountain Park city,Nahunta,Nashville,Nelson,Newborn,Newington,Newnan,Newton,Nicholls,Nicholson,Norcross,Norman Park,Norristown,North Decatur,North Druid Hills,North High Shoals,Norwood,Nunez,Oak Park,Oakwood,Ochlocknee,Ocilla,Oconee,Odum,Offerman,Oglethorpe,Oliver,Omega,Orchard Hill,Oxford,Palmetto,Panthersville,Parrott,Patterson,Pavo,Payne,Peachtree City,Peachtree Corners,Pearson,Pelham,Pembroke,Pendergrass,Perkins,Perry,Phillipsburg,Pine Lake,Pine Mountain,Pinehurst,Pineview,Pitts,Plains,Plainville,Pooler,Port Wentworth,Portal,Porterdale,Poulan,Powder Springs,Pulaski,Putney,Quitman,Ranger,Raoul,Ray City,Rayle,Rebecca,Redan,Reed Creek,Register,Reidsville,Remerton,Rentz,Resaca,Rest Haven,Reynolds,Rhine,Riceboro,Richland,Richmond Hill,Riddleville,Rincon,Ringgold,Riverdale,Roberta,Robins AFB,Rochelle,Rockingham,Rockmart,Rocky Ford,Rome,Roopville,Rossville,Roswell,Royston,Russell,Rutledge,Sale City,Salem,Sandersville,Sandy Springs,Santa Claus,Sardis,Sasser,Satilla,Sautee-Nacoochee,Savannah,Scotland,Scottdale,Screven,Senoia,Seville,Shady Dale,Shannon,Sharon,Sharpsburg,Shellman,Shiloh,Siloam,Skidaway Island,Sky Valley,Smithville,Smyrna,Snellville,Social Circle,Soperton,Sparks,Sparta,Springfield,St. Marys,St. Simons,Stapleton,Statesboro,Statham,Stillmore,Stockbridge,Stone Mountain,Sugar Hill,Summertown,Summerville,Sumner,Sunny Side,Sunnyside,Sunset Village,Surrency,Suwanee,Swainsboro,Sycamore,Sylvania,Sylvester,Talahi Island,Talbotton,Talking Rock,Tallapoosa,Tallulah Falls,Talmo,Tarrytown,Tate City,Taylorsville,Temple,Tennille,The Rock,Thomaston,Thomasville,Thomson,Thunderbolt,Tifton,Tiger,Tignall,Toccoa,Toomsboro,Trenton,Trion,Tunnel Hill,Turin,Twin City,Ty Ty,Tybee Island,Tyrone,Unadilla,Union City,Union Point,Unionville,Uvalda,Valdosta,Varnell,Vernonburg,Vidalia,Vidette,Vienna,Villa Rica,Vinings,Waco,Wadley,Waleska,Walnut Grove,Walthourville,Warm Springs,Warner Robins,Warrenton,Warwick,Washington,Watkinsville,Waverly Hall,Waycross,Waynesboro,Webster County,West Point,Whigham,White,White Plains,Whitemarsh Island,Whitesburg,Willacoochee,Williamson,Wilmington Island,Winder,Winterville,Woodbine,Woodbury,Woodland,Woodstock,Woodville,Woolsey,Wrens,Wrightsville,Yatesville,Yonah,Young Harris,Zebulon"
        }
    ],
    "NC": [
        {
            "elections": {
                "dates": "11-03-2020",
                "11-03-2020": {
                    "date": "11-03-2020",
                    "status": "R",
                    "issues":  "Assistant Info Incomplete,Conflict,Duplicate,E-Transmission Failure,No Time For Cure - Contacted,Not Properly Notarized,Returned After Deadline,Returned Undeliverable,Signature Different,Witness Info Incomplete,Wrong Voter"
                }
            },
            "counties": "Alamance,Alexander,Alleghany,Anson,Ashe,Avery,Beaufort,Bertie,Bladen,Brunswick,Buncombe,Burke,Cabarrus,Caldwell,Camden,Carteret,Caswell,Catawba,Chatham,Cherokee,Chowan,Clay,Cleveland,Columbus,Craven,Cumberland,Currituck,Dare,Davidson,Davie,Duplin,Durham,Edgecombe,Forsyth,Franklin,Gaston,Gates,Graham,Granville,Greene,Guilford,Halifax,Harnett,Haywood,Henderson,Hertford,Hoke,Hyde,Iredell,Jackson,Johnston,Jones,Lee,Lenoir,Lincoln,McDowell,Macon,Madison,Martin,Mecklenburg,Mitchell,Montgomery,Moore,Nash,New Hanover,Northampton,Onslow,Orange,Pamlico,Pasquotank,Pender,Perquimans,Person,Pitt,Polk,Randolph,Richmond,Robeson,Rockingham,Rowan,Rutherford,Sampson,Scotland,Stanly,Stokes,Surry,Swain,Transylvania,Tyrrell,Union,Vance,Wake,Warren,Washington,Watauga,Wayne,Wilkes,Wilson,Yadkin,Yancey",
            "cities": "Aberdeen,Advance,Ahoskie,Alamance,Albemarle,Alliance,Altamahaw,Andrews,Angier,Ansonville,Apex,Aquadale,Arapahoe,Archdale,Archer Lodge,Asheboro,Asheville,Ashley Heights,Askewville,Atkinson,Atlantic,Atlantic Beach,Aulander,Aurora,Autryville,Avery Creek,Avon,Ayden,Badin,Bailey,Bakersville,Bald Head Island,Balfour,Banner Elk,Barker Heights,Barker Ten Mile,Bath,Bayboro,Bayshore,Bayview,Bear Grass,Beaufort,Beech Mountain,Belhaven,Bell Arthur,Belmont,Belville,Belvoir,Belwood,Bennett,Benson,Bent Creek,Bermuda Run,Bessemer City,Bethania,Bethel,Bethlehem,Beulaville,Biltmore Forest,Biscoe,Black Creek,Black Mountain,Bladenboro,Blowing Rock,Blue Clay Farms,Boardman,Bogue,Boiling Spring Lakes,Boiling Springs,Bolivia,Bolton,Bonnetsville,Boone,Boonville,Bostic,Bowmore,Brevard,Brices Creek,Bridgeton,Broad Creek,Broadway,Brogden,Brookford,Brunswick,Bryson City,Buies Creek,Bunn,Bunnlevel,Burgaw,Burlington,Burnsville,Butner,Butters,Buxton,Cajah's Mountain,Calabash,Calypso,Camden,Cameron,Candor,Canton,Cape Carteret,Caroleen,Carolina Beach,Carolina Shores,Carrboro,Carthage,Cary,Casar,Cashiers,Castalia,Castle Hayne,Caswell Beach,Catawba,Cedar Point,Cedar Rock,Centerville,Cerro Gordo,Chadbourn,Chapel Hill,Charlotte,Cherokee,Cherryville,Chimney Rock Village,China Grove,Chocowinity,Claremont,Clarkton,Clayton,Clemmons,Cleveland,Cliffside,Clinton,Clyde,Coats,Cofield,Coinjock,Colerain,Columbia,Columbus,Como,Concord,Conetoe,Connelly Springs,Conover,Conway,Cooleemee,Cordova,Cornelius,Cove City,Cove Creek,Cramerton,Creedmoor,Creswell,Cricket,Crossnore,Cullowhee,Dallas,Dana,Danbury,Davidson,Davis,Deercroft,Delco,Dellview,Delway,Denton,Denver,Dillsboro,Dobbins Heights,Dobson,Dortches,Dover,Drexel,Dublin,Duck,Dundarrach,Dunn,Durham,Earl,East Arcadia,East Bend,East Flat Rock,East Laurinburg,East Rockingham,East Spencer,Eastover,Eden,Edenton,Edneyville,Efland,Elizabeth City,Elizabethtown,Elk Park,Elkin,Ellenboro,Ellerbe,Elm City,Elon,Elrod,Elroy,Emerald Isle,Enfield,Engelhard,Enochville,Erwin,Etowah,Eureka,Everetts,Evergreen,Fair Bluff,Fairfield,Fairfield Harbour,Fairmont,Fairplains,Fairview,Fairview CDP,Faison,Faith,Falcon,Falkland,Fallston,Farmville,Fayetteville,Fearrington Village,Five Points,Flat Rock,Flat Rock CDP,Fletcher,Fontana Dam,Forest City,Forest Hills,Forest Oaks,Foscoe,Fountain,Four Oaks,Foxfire,Franklin,Franklinton,Franklinville,Fremont,Frisco,Fruitland,Fuquay-Varina,Gamewell,Garland,Garner,Garysburg,Gaston,Gastonia,Gatesville,Germanton,Gerton,Gibson,Gibsonville,Glen Alpine,Glen Raven,Glenville,Gloucester,Godwin,Goldsboro,Goldston,Gorman,Graham,Grandfather,Granite Falls,Granite Quarry,Grantsboro,Green Level,Greenevers,Greensboro,Greenville,Grifton,Grimesland,Grover,Gulf,Half Moon,Halifax,Hallsboro,Hamilton,Hamlet,Hampstead,Harkers Island,Harmony,Harrells,Harrellsville,Harrisburg,Hassell,Hatteras,Havelock,Haw River,Hayesville,Hays,Hemby Bridge,Henderson,Hendersonville,Henrietta,Hertford,Hickory,Hiddenite,High Point,High Shoals,Highlands,Hightsville,Hildebran,Hillsborough,Hobgood,Hobucken,Hoffman,Holden Beach,Hollister,Holly Ridge,Holly Springs,Hookerton,Hoopers Creek,Hope Mills,Horse Shoe,Hot Springs,Hudson,Huntersville,Icard,Indian Beach,Indian Trail,Ingold,Iron Station,Ivanhoe,JAARS,Jackson,Jackson Heights,Jacksonville,James City,Jamestown,Jamesville,Jefferson,Jonesville,Kannapolis,Keener,Kelford,Kelly,Kenansville,Kenly,Kernersville,Kill Devil Hills,King,Kings Grant,Kings Mountain,Kingstown,Kinston,Kittrell,Kitty Hawk,Knightdale,Kure Beach,La Grange,Lake Junaluska,Lake Lure,Lake Norman of Catawba,Lake Park,Lake Royale,Lake Santeetlah,Lake Waccamaw,Landis,Lansing,Lasker,Lattimore,Laurel Hill,Laurel Park,Laurinburg,Lawndale,Leggett,Leland,Lenoir,Lewiston Woodville,Lewisville,Lexington,Liberty,Light Oak,Lilesville,Lillington,Lincolnton,Linden,Littleton,Locust,Long View,Louisburg,Love Valley,Lowell,Lowesville,Lowgap,Lucama,Lumber Bridge,Lumberton,Macclesfield,Macon,Madison,Maggie Valley,Magnolia,Maiden,Mamers,Manns Harbor,Manteo,Mar-Mac,Marble,Marietta,Marion,Mars Hill,Marshall,Marshallberg,Marshville,Marvin,Matthews,Maury,Maxton,Mayodan,Maysville,McAdenville,McDonald,McFarlan,McLeansville,Mebane,Mesic,Micro,Middleburg,Middlesex,Midland,Midway,Millers Creek,Millingport,Mills River,Milton,Mineral Springs,Minnesott Beach,Mint Hill,Misenheimer,Mocksville,Momeyer,Moncure,Monroe,Montreat,Mooresboro,Mooresville,Moravian Falls,Morehead City,Morganton,Morrisville,Morven,Mount Airy,Mount Gilead,Mount Holly,Mount Olive,Mount Pleasant,Mountain Home,Mountain View,Moyock,Mulberry,Murfreesboro,Murphy,Murraysville,Myrtle Grove,Nags Head,Nashville,Navassa,Neuse Forest,New Bern,New London,Newland,Newport,Newton,Newton Grove,Norlina,Norman,North Topsail Beach,North Wilkesboro,Northchase,Northlakes,Northwest,Norwood,Oak City,Oak Island,Oak Ridge,Oakboro,Ocean Isle Beach,Ocracoke,Ogden,Old Fort,Old Hundred,Oriental,Orrum,Ossipee,Oxford,Pantego,Parkton,Parmele,Patterson Springs,Peachland,Peletier,Pembroke,Pikeville,Pilot Mountain,Pine Knoll Shores,Pine Level,Pinebluff,Pinehurst,Pinetops,Pinetown,Pineville,Piney Green,Pink Hill,Pinnacle,Pittsboro,Plain View,Pleasant Garden,Pleasant Hill,Plymouth,Polkton,Polkville,Pollocksville,Porters Neck,Potters Hill,Powellsville,Princeton,Princeville,Proctorville,Prospect,Pumpkin Center,Raeford,Raemon,Raleigh,Ramseur,Randleman,Ranlo,Raynham,Red Cross,Red Oak,Red Springs,Reidsville,Rennert,Rex,Rhodhiss,Rich Square,Richfield,Richlands,Riegelwood,River Bend,River Road,Roanoke Rapids,Robbins,Robbinsville,Robersonville,Rockfish,Rockingham,Rockwell,Rocky Mount,Rocky Point,Rodanthe,Rolesville,Ronda,Roper,Rose Hill,Roseboro,Rosman,Rougemont,Rowland,Roxboro,Roxobel,Royal Pines,Ruffin,Rural Hall,Ruth,Rutherford College,Rutherfordton,Salem,Salemburg,Salisbury,Saluda,Salvo,Sandy Creek,Sandyfield,Sanford,Saratoga,Sawmills,Saxapahaw,Scotch Meadows,Scotland Neck,Sea Breeze,Seaboard,Seagrove,Sedalia,Selma,Seven Devils,Seven Lakes,Seven Springs,Severn,Shallotte,Shannon,Sharpsburg,Shelby,Siler City,Silver City,Silver Lake,Simpson,Sims,Skippers Corner,Smithfield,Sneads Ferry,Snow Hill,South Henderson,South Mills,South Rosemary,South Weldon,Southern Pines,Southern Shores,Southmont,Southport,Sparta,Speed,Spencer,Spencer Mountain,Spindale,Spivey's Corner,Spring Hope,Spring Lake,Spruce Pine,St. Helena,St. James,St. Pauls,St. Stephens,Staley,Stallings,Stanfield,Stanley,Stantonsburg,Star,Statesville,Stedman,Stem,Stokes,Stokesdale,Stoneville,Stonewall,Stony Point,Stovall,Sugar Mountain,Summerfield,Sunbury,Sunset Beach,Surf City,Swan Quarter,Swannanoa,Swansboro,Swepsonville,Sylva,Tabor City,Tar Heel,Tarboro,Taylorsville,Taylortown,Teachey,Thomasville,Toast,Tobaccoville,Topsail Beach,Trent Woods,Trenton,Trinity,Troutman,Troy,Tryon,Turkey,Tyro,Unionville,Valdese,Valle Crucis,Valley Hill,Vanceboro,Vandemere,Vander,Vann Crossroads,Varnamtown,Vass,Waco,Wade,Wadesboro,Wagram,Wake Forest,Wakulla,Walkertown,Wallace,Wallburg,Walnut Cove,Walnut Creek,Walstonburg,Wanchese,Warrenton,Warsaw,Washington,Washington Park,Watha,Waves,Waxhaw,Waynesville,Weaverville,Webster,Weddington,Welcome,Weldon,Wendell,Wentworth,Wesley Chapel,West Canton,West Jefferson,West Marion,Westport,Whispering Pines,Whitakers,White Lake,White Oak,White Plains,Whiteville,Whitsett,Wilkesboro,Williamston,Wilmington,Wilson,Wilson's Mills,Windsor,Winfall,Wingate,Winston-Salem,Winterville,Winton,Woodfin,Woodland,Woodlawn,Wrightsboro,Wrightsville Beach,Yadkinville,Yanceyville,Youngsville,Zebulon"
        }
    ]
}


